{
  "center_lat": 31.919173,
  "center_lon": -81.075938,
  "half_km": 483,
  "N": 1600,
  "projection": "EPSG:3857"
}
